Workbook

Sheet Месячные данные
A1: Год | B1: Месяц | C1: Импорт, т | D1: Импорт, тыс. долл. США | E1: Экспорт, т | F1: Экспорт, тыс. долл. США | H1: Месяц | I1: Импорт | J1: Экспорт
A2: 2008 | B2: Январь | C2: =IF('Годовые данные'!$B$2="","",'Годовые данные'!$B$2*$I$2) -> 40.1399 | D2: =IF('Годовые данные'!$C$2="","",'Годовые данные'!$C$2*$I$2) -> 7.455 | E2: =IF('Годовые данные'!$D$2="","",'Годовые данные'!$D$2*$J$2) -> 0.01606 | F2: =IF('Годовые данные'!$E$2="","",'Годовые данные'!$E$2*$J$2) -> 0.005 | H2: Январь | I2: 0.01 | J2: 0.005
A3: 2008 | B3: Февраль | C3: =IF('Годовые данные'!$B$2="","",'Годовые данные'!$B$2*$I$3) -> 40.1399 | D3: =IF('Годовые данные'!$C$2="","",'Годовые данные'!$C$2*$I$3) -> 7.455 | E3: =IF('Годовые данные'!$D$2="","",'Годовые данные'!$D$2*$J$3) -> 0.01606 | F3: =IF('Годовые данные'!$E$2="","",'Годовые данные'!$E$2*$J$3) -> 0.005 | H3: Февраль | I3: 0.01 | J3: 0.005
A4: 2008 | B4: Март | C4: =IF('Годовые данные'!$B$2="","",'Годовые данные'!$B$2*$I$4) -> 80.2798 | D4: =IF('Годовые данные'!$C$2="","",'Годовые данные'!$C$2*$I$4) -> 14.91 | E4: =IF('Годовые данные'!$D$2="","",'Годовые данные'!$D$2*$J$4) -> 0.03212 | F4: =IF('Годовые данные'!$E$2="","",'Годовые данные'!$E$2*$J$4) -> 0.01 | H4: Март | I4: 0.02 | J4: 0.01
A5: 2008 | B5: Апрель | C5: =IF('Годовые данные'!$B$2="","",'Годовые данные'!$B$2*$I$5) -> 160.5596 | D5: =IF('Годовые данные'!$C$2="","",'Годовые данные'!$C$2*$I$5) -> 29.82 | E5: =IF('Годовые данные'!$D$2="","",'Годовые данные'!$D$2*$J$5) -> 0.03212 | F5: =IF('Годовые данные'!$E$2="","",'Годовые данные'!$E$2*$J$5) -> 0.01 | H5: Апрель | I5: 0.04 | J5: 0.01
A6: 2008 | B6: Май | C6: =IF('Годовые данные'!$B$2="","",'Годовые данные'!$B$2*$I$6) -> 401.399 | D6: =IF('Годовые данные'!$C$2="","",'Годовые данные'!$C$2*$I$6) -> 74.55 | E6: =IF('Годовые данные'!$D$2="","",'Годовые данные'!$D$2*$J$6) -> 0.06424 | F6: =IF('Годовые данные'!$E$2="","",'Годовые данные'!$E$2*$J$6) -> 0.02 | H6: Май | I6: 0.1 | J6: 0.02
A7: 2008 | B7: Июнь | C7: =IF('Годовые данные'!$B$2="","",'Годовые данные'!$B$2*$I$7) -> 722.5182 | D7: =IF('Годовые данные'!$C$2="","",'Годовые данные'!$C$2*$I$7) -> 134.19 | E7: =IF('Годовые данные'!$D$2="","",'Годовые данные'!$D$2*$J$7) -> 0.12848 | F7: =IF('Годовые данные'!$E$2="","",'Годовые данные'!$E$2*$J$7) -> 0.04 | H7: Июнь | I7: 0.18 | J7: 0.04
A8: 2008 | B8: Июль | C8: =IF('Годовые данные'!$B$2="","",'Годовые данные'!$B$2*$I$8) -> 883.0778 | D8: =IF('Годовые данные'!$C$2="","",'Годовые данные'!$C$2*$I$8) -> 164.01 | E8: =IF('Годовые данные'!$D$2="","",'Годовые данные'!$D$2*$J$8) -> 0.38544 | F8: =IF('Годовые данные'!$E$2="","",'Годовые данные'!$E$2*$J$8) -> 0.12 | H8: Июль | I8: 0.22 | J8: 0.12
A9: 2008 | B9: Август | C9: =IF('Годовые данные'!$B$2="","",'Годовые данные'!$B$2*$I$9) -> 762.6581 | D9: =IF('Годовые данные'!$C$2="","",'Годовые данные'!$C$2*$I$9) -> 141.645 | E9: =IF('Годовые данные'!$D$2="","",'Годовые данные'!$D$2*$J$9) -> 0.83512 | F9: =IF('Годовые данные'!$E$2="","",'Годовые данные'!$E$2*$J$9) -> 0.26 | H9: Август | I9: 0.19 | J9: 0.26
A10: 2008 | B10: Сентябрь | C10: =IF('Годовые данные'!$B$2="","",'Годовые данные'!$B$2*$I$10) -> 521.8187 | D10: =IF('Годовые данные'!$C$2="","",'Годовые данные'!$C$2*$I$10) -> 96.915 | E10: =IF('Годовые данные'!$D$2="","",'Годовые данные'!$D$2*$J$10) -> 0.803 | F10: =IF('Годовые данные'!$E$2="","",'Годовые данные'!$E$2*$J$10) -> 0.25 | H10: Сентябрь | I10: 0.13 | J10: 0.25
A11: 2008 | B11: Октябрь | C11: =IF('Годовые данные'!$B$2="","",'Годовые данные'!$B$2*$I$11) -> 240.8394 | D11: =IF('Годовые данные'!$C$2="","",'Годовые данные'!$C$2*$I$11) -> 44.73 | E11: =IF('Годовые данные'!$D$2="","",'Годовые данные'!$D$2*$J$11) -> 0.4818 | F11: =IF('Годовые данные'!$E$2="","",'Годовые данные'!$E$2*$J$11) -> 0.15 | H11: Октябрь | I11: 0.06 | J11: 0.15
A12: 2008 | B12: Ноябрь | C12: =IF('Годовые данные'!$B$2="","",'Годовые данные'!$B$2*$I$12) -> 120.4197 | D12: =IF('Годовые данные'!$C$2="","",'Годовые данные'!$C$2*$I$12) -> 22.365 | E12: =IF('Годовые данные'!$D$2="","",'Годовые данные'!$D$2*$J$12) -> 0.25696 | F12: =IF('Годовые данные'!$E$2="","",'Годовые данные'!$E$2*$J$12) -> 0.08 | H12: Ноябрь | I12: 0.03 | J12: 0.08
A13: 2008 | B13: Декабрь | C13: =IF('Годовые данные'!$B$2="","",'Годовые данные'!$B$2*$I$13) -> 40.1399 | D13: =IF('Годовые данные'!$C$2="","",'Годовые данные'!$C$2*$I$13) -> 7.455 | E13: =IF('Годовые данные'!$D$2="","",'Годовые данные'!$D$2*$J$13) -> 0.1606 | F13: =IF('Годовые данные'!$E$2="","",'Годовые данные'!$E$2*$J$13) -> 0.05 | H13: Декабрь | I13: 0.01 | J13: 0.05
A14: 2009 | B14: Январь | C14: =IF('Годовые данные'!$B$3="","",'Годовые данные'!$B$3*$I$2) -> 75.92 | D14: =IF('Годовые данные'!$C$3="","",'Годовые данные'!$C$3*$I$2) -> 15.157 | E14: =IF('Годовые данные'!$D$3="","",'Годовые данные'!$D$3*$J$2) -> 0.65 | F14: =IF('Годовые данные'!$E$3="","",'Годовые данные'!$E$3*$J$2) -> 0.047 | H14: Сумма долей | I14: =SUM(I2:I13) -> 1 | J14: =SUM(J2:J13) -> 1
A15: 2009 | B15: Февраль | C15: =IF('Годовые данные'!$B$3="","",'Годовые данные'!$B$3*$I$3) -> 75.92 | D15: =IF('Годовые данные'!$C$3="","",'Годовые данные'!$C$3*$I$3) -> 15.157 | E15: =IF('Годовые данные'!$D$3="","",'Годовые данные'!$D$3*$J$3) -> 0.65 | F15: =IF('Годовые данные'!$E$3="","",'Годовые данные'!$E$3*$J$3) -> 0.047
A16: 2009 | B16: Март | C16: =IF('Годовые данные'!$B$3="","",'Годовые данные'!$B$3*$I$4) -> 151.84 | D16: =IF('Годовые данные'!$C$3="","",'Годовые данные'!$C$3*$I$4) -> 30.314 | E16: =IF('Годовые данные'!$D$3="","",'Годовые данные'!$D$3*$J$4) -> 1.3 | F16: =IF('Годовые данные'!$E$3="","",'Годовые данные'!$E$3*$J$4) -> 0.094
A17: 2009 | B17: Апрель | C17: =IF('Годовые данные'!$B$3="","",'Годовые данные'!$B$3*$I$5) -> 303.68 | D17: =IF('Годовые данные'!$C$3="","",'Годовые данные'!$C$3*$I$5) -> 60.628 | E17: =IF('Годовые данные'!$D$3="","",'Годовые данные'!$D$3*$J$5) -> 1.3 | F17: =IF('Годовые данные'!$E$3="","",'Годовые данные'!$E$3*$J$5) -> 0.094
A18: 2009 | B18: Май | C18: =IF('Годовые данные'!$B$3="","",'Годовые данные'!$B$3*$I$6) -> 759.2 | D18: =IF('Годовые данные'!$C$3="","",'Годовые данные'!$C$3*$I$6) -> 151.57 | E18: =IF('Годовые данные'!$D$3="","",'Годовые данные'!$D$3*$J$6) -> 2.6 | F18: =IF('Годовые данные'!$E$3="","",'Годовые данные'!$E$3*$J$6) -> 0.188
A19: 2009 | B19: Июнь | C19: =IF('Годовые данные'!$B$3="","",'Годовые данные'!$B$3*$I$7) -> 1366.56 | D19: =IF('Годовые данные'!$C$3="","",'Годовые данные'!$C$3*$I$7) -> 272.826 | E19: =IF('Годовые данные'!$D$3="","",'Годовые данные'!$D$3*$J$7) -> 5.2 | F19: =IF('Годовые данные'!$E$3="","",'Годовые данные'!$E$3*$J$7) -> 0.376
A20: 2009 | B20: Июль | C20: =IF('Годовые данные'!$B$3="","",'Годовые данные'!$B$3*$I$8) -> 1670.24 | D20: =IF('Годовые данные'!$C$3="","",'Годовые данные'!$C$3*$I$8) -> 333.454 | E20: =IF('Годовые данные'!$D$3="","",'Годовые данные'!$D$3*$J$8) -> 15.6 | F20: =IF('Годовые данные'!$E$3="","",'Годовые данные'!$E$3*$J$8) -> 1.128
A21: 2009 | B21: Август | C21: =IF('Годовые данные'!$B$3="","",'Годовые данные'!$B$3*$I$9) -> 1442.48 | D21: =IF('Годовые данные'!$C$3="","",'Годовые данные'!$C$3*$I$9) -> 287.983 | E21: =IF('Годовые данные'!$D$3="","",'Годовые данные'!$D$3*$J$9) -> 33.8 | F21: =IF('Годовые данные'!$E$3="","",'Годовые данные'!$E$3*$J$9) -> 2.444
A22: 2009 | B22: Сентябрь | C22: =IF('Годовые данные'!$B$3="","",'Годовые данные'!$B$3*$I$10) -> 986.96 | D22: =IF('Годовые данные'!$C$3="","",'Годовые данные'!$C$3*$I$10) -> 197.041 | E22: =IF('Годовые данные'!$D$3="","",'Годовые данные'!$D$3*$J$10) -> 32.5 | F22: =IF('Годовые данные'!$E$3="","",'Годовые данные'!$E$3*$J$10) -> 2.35
A23: 2009 | B23: Октябрь | C23: =IF('Годовые данные'!$B$3="","",'Годовые данные'!$B$3*$I$11) -> 455.52 | D23: =IF('Годовые данные'!$C$3="","",'Годовые данные'!$C$3*$I$11) -> 90.942 | E23: =IF('Годовые данные'!$D$3="","",'Годовые данные'!$D$3*$J$11) -> 19.5 | F23: =IF('Годовые данные'!$E$3="","",'Годовые данные'!$E$3*$J$11) -> 1.41
A24: 2009 | B24: Ноябрь | C24: =IF('Годовые данные'!$B$3="","",'Годовые данные'!$B$3*$I$12) -> 227.76 | D24: =IF('Годовые данные'!$C$3="","",'Годовые данные'!$C$3*$I$12) -> 45.471 | E24: =IF('Годовые данные'!$D$3="","",'Годовые данные'!$D$3*$J$12) -> 10.4 | F24: =IF('Годовые данные'!$E$3="","",'Годовые данные'!$E$3*$J$12) -> 0.752
A25: 2009 | B25: Декабрь | C25: =IF('Годовые данные'!$B$3="","",'Годовые данные'!$B$3*$I$13) -> 75.92 | D25: =IF('Годовые данные'!$C$3="","",'Годовые данные'!$C$3*$I$13) -> 15.157 | E25: =IF('Годовые данные'!$D$3="","",'Годовые данные'!$D$3*$J$13) -> 6.5 | F25: =IF('Годовые данные'!$E$3="","",'Годовые данные'!$E$3*$J$13) -> 0.47
A26: 2010 | B26: Январь | C26: =IF('Годовые данные'!$B$4="","",'Годовые данные'!$B$4*$I$2) -> 194.39 | D26: =IF('Годовые данные'!$C$4="","",'Годовые данные'!$C$4*$I$2) -> 30.454 | E26: =IF('Годовые данные'!$D$4="","",'Годовые данные'!$D$4*$J$2) -> 0.54709333 | F26: =IF('Годовые данные'!$E$4="","",'Годовые данные'!$E$4*$J$2) -> 0.075666667
A27: 2010 | B27: Февраль | C27: =IF('Годовые данные'!$B$4="","",'Годовые данные'!$B$4*$I$3) -> 194.39 | D27: =IF('Годовые данные'!$C$4="","",'Годовые данные'!$C$4*$I$3) -> 30.454 | E27: =IF('Годовые данные'!$D$4="","",'Годовые данные'!$D$4*$J$3) -> 0.54709333 | F27: =IF('Годовые данные'!$E$4="","",'Годовые данные'!$E$4*$J$3) -> 0.075666667
A28: 2010 | B28: Март | C28: =IF('Годовые данные'!$B$4="","",'Годовые данные'!$B$4*$I$4) -> 388.78 | D28: =IF('Годовые данные'!$C$4="","",'Годовые данные'!$C$4*$I$4) -> 60.908 | E28: =IF('Годовые данные'!$D$4="","",'Годовые данные'!$D$4*$J$4) -> 1.0941867 | F28: =IF('Годовые данные'!$E$4="","",'Годовые данные'!$E$4*$J$4) -> 0.15133333
A29: 2010 | B29: Апрель | C29: =IF('Годовые данные'!$B$4="","",'Годовые данные'!$B$4*$I$5) -> 777.56 | D29: =IF('Годовые данные'!$C$4="","",'Годовые данные'!$C$4*$I$5) -> 121.816 | E29: =IF('Годовые данные'!$D$4="","",'Годовые данные'!$D$4*$J$5) -> 1.0941867 | F29: =IF('Годовые данные'!$E$4="","",'Годовые данные'!$E$4*$J$5) -> 0.15133333
A30: 2010 | B30: Май | C30: =IF('Годовые данные'!$B$4="","",'Годовые данные'!$B$4*$I$6) -> 1943.9 | D30: =IF('Годовые данные'!$C$4="","",'Годовые данные'!$C$4*$I$6) -> 304.54 | E30: =IF('Годовые данные'!$D$4="","",'Годовые данные'!$D$4*$J$6) -> 2.1883733 | F30: =IF('Годовые данные'!$E$4="","",'Годовые данные'!$E$4*$J$6) -> 0.30266667
A31: 2010 | B31: Июнь | C31: =IF('Годовые данные'!$B$4="","",'Годовые данные'!$B$4*$I$7) -> 3499.02 | D31: =IF('Годовые данные'!$C$4="","",'Годовые данные'!$C$4*$I$7) -> 548.172 | E31: =IF('Годовые данные'!$D$4="","",'Годовые данные'!$D$4*$J$7) -> 4.3767467 | F31: =IF('Годовые данные'!$E$4="","",'Годовые данные'!$E$4*$J$7) -> 0.60533333
A32: 2010 | B32: Июль | C32: =IF('Годовые данные'!$B$4="","",'Годовые данные'!$B$4*$I$8) -> 4276.58 | D32: =IF('Годовые данные'!$C$4="","",'Годовые данные'!$C$4*$I$8) -> 669.988 | E32: =IF('Годовые данные'!$D$4="","",'Годовые данные'!$D$4*$J$8) -> 13.13024 | F32: =IF('Годовые данные'!$E$4="","",'Годовые данные'!$E$4*$J$8) -> 1.816
A33: 2010 | B33: Август | C33: =IF('Годовые данные'!$B$4="","",'Годовые данные'!$B$4*$I$9) -> 3693.41 | D33: =IF('Годовые данные'!$C$4="","",'Годовые данные'!$C$4*$I$9) -> 578.626 | E33: =IF('Годовые данные'!$D$4="","",'Годовые данные'!$D$4*$J$9) -> 28.448853 | F33: =IF('Годовые данные'!$E$4="","",'Годовые данные'!$E$4*$J$9) -> 3.9346667
A34: 2010 | B34: Сентябрь | C34: =IF('Годовые данные'!$B$4="","",'Годовые данные'!$B$4*$I$10) -> 2527.07 | D34: =IF('Годовые данные'!$C$4="","",'Годовые данные'!$C$4*$I$10) -> 395.902 | E34: =IF('Годовые данные'!$D$4="","",'Годовые данные'!$D$4*$J$10) -> 27.354667 | F34: =IF('Годовые данные'!$E$4="","",'Годовые данные'!$E$4*$J$10) -> 3.7833333
A35: 2010 | B35: Октябрь | C35: =IF('Годовые данные'!$B$4="","",'Годовые данные'!$B$4*$I$11) -> 1166.34 | D35: =IF('Годовые данные'!$C$4="","",'Годовые данные'!$C$4*$I$11) -> 182.724 | E35: =IF('Годовые данные'!$D$4="","",'Годовые данные'!$D$4*$J$11) -> 16.4128 | F35: =IF('Годовые данные'!$E$4="","",'Годовые данные'!$E$4*$J$11) -> 2.27
A36: 2010 | B36: Ноябрь | C36: =IF('Годовые данные'!$B$4="","",'Годовые данные'!$B$4*$I$12) -> 583.17 | D36: =IF('Годовые данные'!$C$4="","",'Годовые данные'!$C$4*$I$12) -> 91.362 | E36: =IF('Годовые данные'!$D$4="","",'Годовые данные'!$D$4*$J$12) -> 8.7534933 | F36: =IF('Годовые данные'!$E$4="","",'Годовые данные'!$E$4*$J$12) -> 1.2106667
A37: 2010 | B37: Декабрь | C37: =IF('Годовые данные'!$B$4="","",'Годовые данные'!$B$4*$I$13) -> 194.39 | D37: =IF('Годовые данные'!$C$4="","",'Годовые данные'!$C$4*$I$13) -> 30.454 | E37: =IF('Годовые данные'!$D$4="","",'Годовые данные'!$D$4*$J$13) -> 5.4709333 | F37: =IF('Годовые данные'!$E$4="","",'Годовые данные'!$E$4*$J$13) -> 0.75666667
A38: 2011 | B38: Январь | C38: =IF('Годовые данные'!$B$5="","",'Годовые данные'!$B$5*$I$2) -> 92.52 | D38: =IF('Годовые данные'!$C$5="","",'Годовые данные'!$C$5*$I$2) -> 16.56 | E38: =IF('Годовые данные'!$D$5="","",'Годовые данные'!$D$5*$J$2) -> 0.44418667 | F38: =IF('Годовые данные'!$E$5="","",'Годовые данные'!$E$5*$J$2) -> 0.10433333
A39: 2011 | B39: Февраль | C39: =IF('Годовые данные'!$B$5="","",'Годовые данные'!$B$5*$I$3) -> 92.52 | D39: =IF('Годовые данные'!$C$5="","",'Годовые данные'!$C$5*$I$3) -> 16.56 | E39: =IF('Годовые данные'!$D$5="","",'Годовые данные'!$D$5*$J$3) -> 0.44418667 | F39: =IF('Годовые данные'!$E$5="","",'Годовые данные'!$E$5*$J$3) -> 0.10433333
A40: 2011 | B40: Март | C40: =IF('Годовые данные'!$B$5="","",'Годовые данные'!$B$5*$I$4) -> 185.04 | D40: =IF('Годовые данные'!$C$5="","",'Годовые данные'!$C$5*$I$4) -> 33.12 | E40: =IF('Годовые данные'!$D$5="","",'Годовые данные'!$D$5*$J$4) -> 0.88837333 | F40: =IF('Годовые данные'!$E$5="","",'Годовые данные'!$E$5*$J$4) -> 0.20866667
A41: 2011 | B41: Апрель | C41: =IF('Годовые данные'!$B$5="","",'Годовые данные'!$B$5*$I$5) -> 370.08 | D41: =IF('Годовые данные'!$C$5="","",'Годовые данные'!$C$5*$I$5) -> 66.24 | E41: =IF('Годовые данные'!$D$5="","",'Годовые данные'!$D$5*$J$5) -> 0.88837333 | F41: =IF('Годовые данные'!$E$5="","",'Годовые данные'!$E$5*$J$5) -> 0.20866667
A42: 2011 | B42: Май | C42: =IF('Годовые данные'!$B$5="","",'Годовые данные'!$B$5*$I$6) -> 925.2 | D42: =IF('Годовые данные'!$C$5="","",'Годовые данные'!$C$5*$I$6) -> 165.6 | E42: =IF('Годовые данные'!$D$5="","",'Годовые данные'!$D$5*$J$6) -> 1.7767467 | F42: =IF('Годовые данные'!$E$5="","",'Годовые данные'!$E$5*$J$6) -> 0.41733333
A43: 2011 | B43: Июнь | C43: =IF('Годовые данные'!$B$5="","",'Годовые данные'!$B$5*$I$7) -> 1665.36 | D43: =IF('Годовые данные'!$C$5="","",'Годовые данные'!$C$5*$I$7) -> 298.08 | E43: =IF('Годовые данные'!$D$5="","",'Годовые данные'!$D$5*$J$7) -> 3.5534933 | F43: =IF('Годовые данные'!$E$5="","",'Годовые данные'!$E$5*$J$7) -> 0.83466667
A44: 2011 | B44: Июль | C44: =IF('Годовые данные'!$B$5="","",'Годовые данные'!$B$5*$I$8) -> 2035.44 | D44: =IF('Годовые данные'!$C$5="","",'Годовые данные'!$C$5*$I$8) -> 364.32 | E44: =IF('Годовые данные'!$D$5="","",'Годовые данные'!$D$5*$J$8) -> 10.66048 | F44: =IF('Годовые данные'!$E$5="","",'Годовые данные'!$E$5*$J$8) -> 2.504
A45: 2011 | B45: Август | C45: =IF('Годовые данные'!$B$5="","",'Годовые данные'!$B$5*$I$9) -> 1757.88 | D45: =IF('Годовые данные'!$C$5="","",'Годовые данные'!$C$5*$I$9) -> 314.64 | E45: =IF('Годовые данные'!$D$5="","",'Годовые данные'!$D$5*$J$9) -> 23.097707 | F45: =IF('Годовые данные'!$E$5="","",'Годовые данные'!$E$5*$J$9) -> 5.4253333
A46: 2011 | B46: Сентябрь | C46: =IF('Годовые данные'!$B$5="","",'Годовые данные'!$B$5*$I$10) -> 1202.76 | D46: =IF('Годовые данные'!$C$5="","",'Годовые данные'!$C$5*$I$10) -> 215.28 | E46: =IF('Годовые данные'!$D$5="","",'Годовые данные'!$D$5*$J$10) -> 22.209333 | F46: =IF('Годовые данные'!$E$5="","",'Годовые данные'!$E$5*$J$10) -> 5.2166667
A47: 2011 | B47: Октябрь | C47: =IF('Годовые данные'!$B$5="","",'Годовые данные'!$B$5*$I$11) -> 555.12 | D47: =IF('Годовые данные'!$C$5="","",'Годовые данные'!$C$5*$I$11) -> 99.36 | E47: =IF('Годовые данные'!$D$5="","",'Годовые данные'!$D$5*$J$11) -> 13.3256 | F47: =IF('Годовые данные'!$E$5="","",'Годовые данные'!$E$5*$J$11) -> 3.13
A48: 2011 | B48: Ноябрь | C48: =IF('Годовые данные'!$B$5="","",'Годовые данные'!$B$5*$I$12) -> 277.56 | D48: =IF('Годовые данные'!$C$5="","",'Годовые данные'!$C$5*$I$12) -> 49.68 | E48: =IF('Годовые данные'!$D$5="","",'Годовые данные'!$D$5*$J$12) -> 7.1069867 | F48: =IF('Годовые данные'!$E$5="","",'Годовые данные'!$E$5*$J$12) -> 1.6693333
A49: 2011 | B49: Декабрь | C49: =IF('Годовые данные'!$B$5="","",'Годовые данные'!$B$5*$I$13) -> 92.52 | D49: =IF('Годовые данные'!$C$5="","",'Годовые данные'!$C$5*$I$13) -> 16.56 | E49: =IF('Годовые данные'!$D$5="","",'Годовые данные'!$D$5*$J$13) -> 4.4418667 | F49: =IF('Годовые данные'!$E$5="","",'Годовые данные'!$E$5*$J$13) -> 1.0433333
A50: 2012 | B50: Январь | C50: =IF('Годовые данные'!$B$6="","",'Годовые данные'!$B$6*$I$2) -> 103.53554 | D50: =IF('Годовые данные'!$C$6="","",'Годовые данные'!$C$6*$I$2) -> 23.191 | E50: =IF('Годовые данные'!$D$6="","",'Годовые данные'!$D$6*$J$2) -> 0.34128 | F50: =IF('Годовые данные'!$E$6="","",'Годовые данные'!$E$6*$J$2) -> 0.133
A51: 2012 | B51: Февраль | C51: =IF('Годовые данные'!$B$6="","",'Годовые данные'!$B$6*$I$3) -> 103.53554 | D51: =IF('Годовые данные'!$C$6="","",'Годовые данные'!$C$6*$I$3) -> 23.191 | E51: =IF('Годовые данные'!$D$6="","",'Годовые данные'!$D$6*$J$3) -> 0.34128 | F51: =IF('Годовые данные'!$E$6="","",'Годовые данные'!$E$6*$J$3) -> 0.133
A52: 2012 | B52: Март | C52: =IF('Годовые данные'!$B$6="","",'Годовые данные'!$B$6*$I$4) -> 207.07108 | D52: =IF('Годовые данные'!$C$6="","",'Годовые данные'!$C$6*$I$4) -> 46.382 | E52: =IF('Годовые данные'!$D$6="","",'Годовые данные'!$D$6*$J$4) -> 0.68256 | F52: =IF('Годовые данные'!$E$6="","",'Годовые данные'!$E$6*$J$4) -> 0.266
A53: 2012 | B53: Апрель | C53: =IF('Годовые данные'!$B$6="","",'Годовые данные'!$B$6*$I$5) -> 414.14216 | D53: =IF('Годовые данные'!$C$6="","",'Годовые данные'!$C$6*$I$5) -> 92.764 | E53: =IF('Годовые данные'!$D$6="","",'Годовые данные'!$D$6*$J$5) -> 0.68256 | F53: =IF('Годовые данные'!$E$6="","",'Годовые данные'!$E$6*$J$5) -> 0.266
A54: 2012 | B54: Май | C54: =IF('Годовые данные'!$B$6="","",'Годовые данные'!$B$6*$I$6) -> 1035.3554 | D54: =IF('Годовые данные'!$C$6="","",'Годовые данные'!$C$6*$I$6) -> 231.91 | E54: =IF('Годовые данные'!$D$6="","",'Годовые данные'!$D$6*$J$6) -> 1.36512 | F54: =IF('Годовые данные'!$E$6="","",'Годовые данные'!$E$6*$J$6) -> 0.532
A55: 2012 | B55: Июнь | C55: =IF('Годовые данные'!$B$6="","",'Годовые данные'!$B$6*$I$7) -> 1863.6397 | D55: =IF('Годовые данные'!$C$6="","",'Годовые данные'!$C$6*$I$7) -> 417.438 | E55: =IF('Годовые данные'!$D$6="","",'Годовые данные'!$D$6*$J$7) -> 2.73024 | F55: =IF('Годовые данные'!$E$6="","",'Годовые данные'!$E$6*$J$7) -> 1.064
A56: 2012 | B56: Июль | C56: =IF('Годовые данные'!$B$6="","",'Годовые данные'!$B$6*$I$8) -> 2277.7819 | D56: =IF('Годовые данные'!$C$6="","",'Годовые данные'!$C$6*$I$8) -> 510.202 | E56: =IF('Годовые данные'!$D$6="","",'Годовые данные'!$D$6*$J$8) -> 8.19072 | F56: =IF('Годовые данные'!$E$6="","",'Годовые данные'!$E$6*$J$8) -> 3.192
A57: 2012 | B57: Август | C57: =IF('Годовые данные'!$B$6="","",'Годовые данные'!$B$6*$I$9) -> 1967.1753 | D57: =IF('Годовые данные'!$C$6="","",'Годовые данные'!$C$6*$I$9) -> 440.629 | E57: =IF('Годовые данные'!$D$6="","",'Годовые данные'!$D$6*$J$9) -> 17.74656 | F57: =IF('Годовые данные'!$E$6="","",'Годовые данные'!$E$6*$J$9) -> 6.916
A58: 2012 | B58: Сентябрь | C58: =IF('Годовые данные'!$B$6="","",'Годовые данные'!$B$6*$I$10) -> 1345.962 | D58: =IF('Годовые данные'!$C$6="","",'Годовые данные'!$C$6*$I$10) -> 301.483 | E58: =IF('Годовые данные'!$D$6="","",'Годовые данные'!$D$6*$J$10) -> 17.064 | F58: =IF('Годовые данные'!$E$6="","",'Годовые данные'!$E$6*$J$10) -> 6.65
A59: 2012 | B59: Октябрь | C59: =IF('Годовые данные'!$B$6="","",'Годовые данные'!$B$6*$I$11) -> 621.21324 | D59: =IF('Годовые данные'!$C$6="","",'Годовые данные'!$C$6*$I$11) -> 139.146 | E59: =IF('Годовые данные'!$D$6="","",'Годовые данные'!$D$6*$J$11) -> 10.2384 | F59: =IF('Годовые данные'!$E$6="","",'Годовые данные'!$E$6*$J$11) -> 3.99
A60: 2012 | B60: Ноябрь | C60: =IF('Годовые данные'!$B$6="","",'Годовые данные'!$B$6*$I$12) -> 310.60662 | D60: =IF('Годовые данные'!$C$6="","",'Годовые данные'!$C$6*$I$12) -> 69.573 | E60: =IF('Годовые данные'!$D$6="","",'Годовые данные'!$D$6*$J$12) -> 5.46048 | F60: =IF('Годовые данные'!$E$6="","",'Годовые данные'!$E$6*$J$12) -> 2.128
A61: 2012 | B61: Декабрь | C61: =IF('Годовые данные'!$B$6="","",'Годовые данные'!$B$6*$I$13) -> 103.53554 | D61: =IF('Годовые данные'!$C$6="","",'Годовые данные'!$C$6*$I$13) -> 23.191 | E61: =IF('Годовые данные'!$D$6="","",'Годовые данные'!$D$6*$J$13) -> 3.4128 | F61: =IF('Годовые данные'!$E$6="","",'Годовые данные'!$E$6*$J$13) -> 1.33
A62: 2013 | B62: Январь | C62: =IF('Годовые данные'!$B$7="","",'Годовые данные'!$B$7*$I$2) -> 153.51 | D62: =IF('Годовые данные'!$C$7="","",'Годовые данные'!$C$7*$I$2) -> 31.997 | E62: =IF('Годовые данные'!$D$7="","",'Годовые данные'!$D$7*$J$2) -> 0.115 | F62: =IF('Годовые данные'!$E$7="","",'Годовые данные'!$E$7*$J$2) -> 0.0525
A63: 2013 | B63: Февраль | C63: =IF('Годовые данные'!$B$7="","",'Годовые данные'!$B$7*$I$3) -> 153.51 | D63: =IF('Годовые данные'!$C$7="","",'Годовые данные'!$C$7*$I$3) -> 31.997 | E63: =IF('Годовые данные'!$D$7="","",'Годовые данные'!$D$7*$J$3) -> 0.115 | F63: =IF('Годовые данные'!$E$7="","",'Годовые данные'!$E$7*$J$3) -> 0.0525
A64: 2013 | B64: Март | C64: =IF('Годовые данные'!$B$7="","",'Годовые данные'!$B$7*$I$4) -> 307.02 | D64: =IF('Годовые данные'!$C$7="","",'Годовые данные'!$C$7*$I$4) -> 63.994 | E64: =IF('Годовые данные'!$D$7="","",'Годовые данные'!$D$7*$J$4) -> 0.23 | F64: =IF('Годовые данные'!$E$7="","",'Годовые данные'!$E$7*$J$4) -> 0.105
A65: 2013 | B65: Апрель | C65: =IF('Годовые данные'!$B$7="","",'Годовые данные'!$B$7*$I$5) -> 614.04 | D65: =IF('Годовые данные'!$C$7="","",'Годовые данные'!$C$7*$I$5) -> 127.988 | E65: =IF('Годовые данные'!$D$7="","",'Годовые данные'!$D$7*$J$5) -> 0.23 | F65: =IF('Годовые данные'!$E$7="","",'Годовые данные'!$E$7*$J$5) -> 0.105
A66: 2013 | B66: Май | C66: =IF('Годовые данные'!$B$7="","",'Годовые данные'!$B$7*$I$6) -> 1535.1 | D66: =IF('Годовые данные'!$C$7="","",'Годовые данные'!$C$7*$I$6) -> 319.97 | E66: =IF('Годовые данные'!$D$7="","",'Годовые данные'!$D$7*$J$6) -> 0.46 | F66: =IF('Годовые данные'!$E$7="","",'Годовые данные'!$E$7*$J$6) -> 0.21
A67: 2013 | B67: Июнь | C67: =IF('Годовые данные'!$B$7="","",'Годовые данные'!$B$7*$I$7) -> 2763.18 | D67: =IF('Годовые данные'!$C$7="","",'Годовые данные'!$C$7*$I$7) -> 575.946 | E67: =IF('Годовые данные'!$D$7="","",'Годовые данные'!$D$7*$J$7) -> 0.92 | F67: =IF('Годовые данные'!$E$7="","",'Годовые данные'!$E$7*$J$7) -> 0.42
A68: 2013 | B68: Июль | C68: =IF('Годовые данные'!$B$7="","",'Годовые данные'!$B$7*$I$8) -> 3377.22 | D68: =IF('Годовые данные'!$C$7="","",'Годовые данные'!$C$7*$I$8) -> 703.934 | E68: =IF('Годовые данные'!$D$7="","",'Годовые данные'!$D$7*$J$8) -> 2.76 | F68: =IF('Годовые данные'!$E$7="","",'Годовые данные'!$E$7*$J$8) -> 1.26
A69: 2013 | B69: Август | C69: =IF('Годовые данные'!$B$7="","",'Годовые данные'!$B$7*$I$9) -> 2916.69 | D69: =IF('Годовые данные'!$C$7="","",'Годовые данные'!$C$7*$I$9) -> 607.943 | E69: =IF('Годовые данные'!$D$7="","",'Годовые данные'!$D$7*$J$9) -> 5.98 | F69: =IF('Годовые данные'!$E$7="","",'Годовые данные'!$E$7*$J$9) -> 2.73
A70: 2013 | B70: Сентябрь | C70: =IF('Годовые данные'!$B$7="","",'Годовые данные'!$B$7*$I$10) -> 1995.63 | D70: =IF('Годовые данные'!$C$7="","",'Годовые данные'!$C$7*$I$10) -> 415.961 | E70: =IF('Годовые данные'!$D$7="","",'Годовые данные'!$D$7*$J$10) -> 5.75 | F70: =IF('Годовые данные'!$E$7="","",'Годовые данные'!$E$7*$J$10) -> 2.625
A71: 2013 | B71: Октябрь | C71: =IF('Годовые данные'!$B$7="","",'Годовые данные'!$B$7*$I$11) -> 921.06 | D71: =IF('Годовые данные'!$C$7="","",'Годовые данные'!$C$7*$I$11) -> 191.982 | E71: =IF('Годовые данные'!$D$7="","",'Годовые данные'!$D$7*$J$11) -> 3.45 | F71: =IF('Годовые данные'!$E$7="","",'Годовые данные'!$E$7*$J$11) -> 1.575
A72: 2013 | B72: Ноябрь | C72: =IF('Годовые данные'!$B$7="","",'Годовые данные'!$B$7*$I$12) -> 460.53 | D72: =IF('Годовые данные'!$C$7="","",'Годовые данные'!$C$7*$I$12) -> 95.991 | E72: =IF('Годовые данные'!$D$7="","",'Годовые данные'!$D$7*$J$12) -> 1.84 | F72: =IF('Годовые данные'!$E$7="","",'Годовые данные'!$E$7*$J$12) -> 0.84
A73: 2013 | B73: Декабрь | C73: =IF('Годовые данные'!$B$7="","",'Годовые данные'!$B$7*$I$13) -> 153.51 | D73: =IF('Годовые данные'!$C$7="","",'Годовые данные'!$C$7*$I$13) -> 31.997 | E73: =IF('Годовые данные'!$D$7="","",'Годовые данные'!$D$7*$J$13) -> 1.15 | F73: =IF('Годовые данные'!$E$7="","",'Годовые данные'!$E$7*$J$13) -> 0.525
A74: 2014 | B74: Январь | C74: =IF('Годовые данные'!$B$8="","",'Годовые данные'!$B$8*$I$2) -> 190.51 | D74: =IF('Годовые данные'!$C$8="","",'Годовые данные'!$C$8*$I$2) -> 49.011 | E74: =IF('Годовые данные'!$D$8="","",'Годовые данные'!$D$8*$J$2) -> 1.445 | F74: =IF('Годовые данные'!$E$8="","",'Годовые данные'!$E$8*$J$2) -> 0.366
A75: 2014 | B75: Февраль | C75: =IF('Годовые данные'!$B$8="","",'Годовые данные'!$B$8*$I$3) -> 190.51 | D75: =IF('Годовые данные'!$C$8="","",'Годовые данные'!$C$8*$I$3) -> 49.011 | E75: =IF('Годовые данные'!$D$8="","",'Годовые данные'!$D$8*$J$3) -> 1.445 | F75: =IF('Годовые данные'!$E$8="","",'Годовые данные'!$E$8*$J$3) -> 0.366
A76: 2014 | B76: Март | C76: =IF('Годовые данные'!$B$8="","",'Годовые данные'!$B$8*$I$4) -> 381.02 | D76: =IF('Годовые данные'!$C$8="","",'Годовые данные'!$C$8*$I$4) -> 98.022 | E76: =IF('Годовые данные'!$D$8="","",'Годовые данные'!$D$8*$J$4) -> 2.89 | F76: =IF('Годовые данные'!$E$8="","",'Годовые данные'!$E$8*$J$4) -> 0.732
A77: 2014 | B77: Апрель | C77: =IF('Годовые данные'!$B$8="","",'Годовые данные'!$B$8*$I$5) -> 762.04 | D77: =IF('Годовые данные'!$C$8="","",'Годовые данные'!$C$8*$I$5) -> 196.044 | E77: =IF('Годовые данные'!$D$8="","",'Годовые данные'!$D$8*$J$5) -> 2.89 | F77: =IF('Годовые данные'!$E$8="","",'Годовые данные'!$E$8*$J$5) -> 0.732
A78: 2014 | B78: Май | C78: =IF('Годовые данные'!$B$8="","",'Годовые данные'!$B$8*$I$6) -> 1905.1 | D78: =IF('Годовые данные'!$C$8="","",'Годовые данные'!$C$8*$I$6) -> 490.11 | E78: =IF('Годовые данные'!$D$8="","",'Годовые данные'!$D$8*$J$6) -> 5.78 | F78: =IF('Годовые данные'!$E$8="","",'Годовые данные'!$E$8*$J$6) -> 1.464
A79: 2014 | B79: Июнь | C79: =IF('Годовые данные'!$B$8="","",'Годовые данные'!$B$8*$I$7) -> 3429.18 | D79: =IF('Годовые данные'!$C$8="","",'Годовые данные'!$C$8*$I$7) -> 882.198 | E79: =IF('Годовые данные'!$D$8="","",'Годовые данные'!$D$8*$J$7) -> 11.56 | F79: =IF('Годовые данные'!$E$8="","",'Годовые данные'!$E$8*$J$7) -> 2.928
A80: 2014 | B80: Июль | C80: =IF('Годовые данные'!$B$8="","",'Годовые данные'!$B$8*$I$8) -> 4191.22 | D80: =IF('Годовые данные'!$C$8="","",'Годовые данные'!$C$8*$I$8) -> 1078.242 | E80: =IF('Годовые данные'!$D$8="","",'Годовые данные'!$D$8*$J$8) -> 34.68 | F80: =IF('Годовые данные'!$E$8="","",'Годовые данные'!$E$8*$J$8) -> 8.784
A81: 2014 | B81: Август | C81: =IF('Годовые данные'!$B$8="","",'Годовые данные'!$B$8*$I$9) -> 3619.69 | D81: =IF('Годовые данные'!$C$8="","",'Годовые данные'!$C$8*$I$9) -> 931.209 | E81: =IF('Годовые данные'!$D$8="","",'Годовые данные'!$D$8*$J$9) -> 75.14 | F81: =IF('Годовые данные'!$E$8="","",'Годовые данные'!$E$8*$J$9) -> 19.032
A82: 2014 | B82: Сентябрь | C82: =IF('Годовые данные'!$B$8="","",'Годовые данные'!$B$8*$I$10) -> 2476.63 | D82: =IF('Годовые данные'!$C$8="","",'Годовые данные'!$C$8*$I$10) -> 637.143 | E82: =IF('Годовые данные'!$D$8="","",'Годовые данные'!$D$8*$J$10) -> 72.25 | F82: =IF('Годовые данные'!$E$8="","",'Годовые данные'!$E$8*$J$10) -> 18.3
A83: 2014 | B83: Октябрь | C83: =IF('Годовые данные'!$B$8="","",'Годовые данные'!$B$8*$I$11) -> 1143.06 | D83: =IF('Годовые данные'!$C$8="","",'Годовые данные'!$C$8*$I$11) -> 294.066 | E83: =IF('Годовые данные'!$D$8="","",'Годовые данные'!$D$8*$J$11) -> 43.35 | F83: =IF('Годовые данные'!$E$8="","",'Годовые данные'!$E$8*$J$11) -> 10.98
A84: 2014 | B84: Ноябрь | C84: =IF('Годовые данные'!$B$8="","",'Годовые данные'!$B$8*$I$12) -> 571.53 | D84: =IF('Годовые данные'!$C$8="","",'Годовые данные'!$C$8*$I$12) -> 147.033 | E84: =IF('Годовые данные'!$D$8="","",'Годовые данные'!$D$8*$J$12) -> 23.12 | F84: =IF('Годовые данные'!$E$8="","",'Годовые данные'!$E$8*$J$12) -> 5.856
A85: 2014 | B85: Декабрь | C85: =IF('Годовые данные'!$B$8="","",'Годовые данные'!$B$8*$I$13) -> 190.51 | D85: =IF('Годовые данные'!$C$8="","",'Годовые данные'!$C$8*$I$13) -> 49.011 | E85: =IF('Годовые данные'!$D$8="","",'Годовые данные'!$D$8*$J$13) -> 14.45 | F85: =IF('Годовые данные'!$E$8="","",'Годовые данные'!$E$8*$J$13) -> 3.66
A86: 2015 | B86: Январь | C86: =IF('Годовые данные'!$B$9="","",'Годовые данные'!$B$9*$I$2) -> 219.21 | D86: =IF('Годовые данные'!$C$9="","",'Годовые данные'!$C$9*$I$2) -> 42.258 | E86: =IF('Годовые данные'!$D$9="","",'Годовые данные'!$D$9*$J$2) -> 2.56 | F86: =IF('Годовые данные'!$E$9="","",'Годовые данные'!$E$9*$J$2) -> 0.4755
A87: 2015 | B87: Февраль | C87: =IF('Годовые данные'!$B$9="","",'Годовые данные'!$B$9*$I$3) -> 219.21 | D87: =IF('Годовые данные'!$C$9="","",'Годовые данные'!$C$9*$I$3) -> 42.258 | E87: =IF('Годовые данные'!$D$9="","",'Годовые данные'!$D$9*$J$3) -> 2.56 | F87: =IF('Годовые данные'!$E$9="","",'Годовые данные'!$E$9*$J$3) -> 0.4755
A88: 2015 | B88: Март | C88: =IF('Годовые данные'!$B$9="","",'Годовые данные'!$B$9*$I$4) -> 438.42 | D88: =IF('Годовые данные'!$C$9="","",'Годовые данные'!$C$9*$I$4) -> 84.516 | E88: =IF('Годовые данные'!$D$9="","",'Годовые данные'!$D$9*$J$4) -> 5.12 | F88: =IF('Годовые данные'!$E$9="","",'Годовые данные'!$E$9*$J$4) -> 0.951
A89: 2015 | B89: Апрель | C89: =IF('Годовые данные'!$B$9="","",'Годовые данные'!$B$9*$I$5) -> 876.84 | D89: =IF('Годовые данные'!$C$9="","",'Годовые данные'!$C$9*$I$5) -> 169.032 | E89: =IF('Годовые данные'!$D$9="","",'Годовые данные'!$D$9*$J$5) -> 5.12 | F89: =IF('Годовые данные'!$E$9="","",'Годовые данные'!$E$9*$J$5) -> 0.951
A90: 2015 | B90: Май | C90: =IF('Годовые данные'!$B$9="","",'Годовые данные'!$B$9*$I$6) -> 2192.1 | D90: =IF('Годовые данные'!$C$9="","",'Годовые данные'!$C$9*$I$6) -> 422.58 | E90: =IF('Годовые данные'!$D$9="","",'Годовые данные'!$D$9*$J$6) -> 10.24 | F90: =IF('Годовые данные'!$E$9="","",'Годовые данные'!$E$9*$J$6) -> 1.902
A91: 2015 | B91: Июнь | C91: =IF('Годовые данные'!$B$9="","",'Годовые данные'!$B$9*$I$7) -> 3945.78 | D91: =IF('Годовые данные'!$C$9="","",'Годовые данные'!$C$9*$I$7) -> 760.644 | E91: =IF('Годовые данные'!$D$9="","",'Годовые данные'!$D$9*$J$7) -> 20.48 | F91: =IF('Годовые данные'!$E$9="","",'Годовые данные'!$E$9*$J$7) -> 3.804
A92: 2015 | B92: Июль | C92: =IF('Годовые данные'!$B$9="","",'Годовые данные'!$B$9*$I$8) -> 4822.62 | D92: =IF('Годовые данные'!$C$9="","",'Годовые данные'!$C$9*$I$8) -> 929.676 | E92: =IF('Годовые данные'!$D$9="","",'Годовые данные'!$D$9*$J$8) -> 61.44 | F92: =IF('Годовые данные'!$E$9="","",'Годовые данные'!$E$9*$J$8) -> 11.412
A93: 2015 | B93: Август | C93: =IF('Годовые данные'!$B$9="","",'Годовые данные'!$B$9*$I$9) -> 4164.99 | D93: =IF('Годовые данные'!$C$9="","",'Годовые данные'!$C$9*$I$9) -> 802.902 | E93: =IF('Годовые данные'!$D$9="","",'Годовые данные'!$D$9*$J$9) -> 133.12 | F93: =IF('Годовые данные'!$E$9="","",'Годовые данные'!$E$9*$J$9) -> 24.726
A94: 2015 | B94: Сентябрь | C94: =IF('Годовые данные'!$B$9="","",'Годовые данные'!$B$9*$I$10) -> 2849.73 | D94: =IF('Годовые данные'!$C$9="","",'Годовые данные'!$C$9*$I$10) -> 549.354 | E94: =IF('Годовые данные'!$D$9="","",'Годовые данные'!$D$9*$J$10) -> 128 | F94: =IF('Годовые данные'!$E$9="","",'Годовые данные'!$E$9*$J$10) -> 23.775
A95: 2015 | B95: Октябрь | C95: =IF('Годовые данные'!$B$9="","",'Годовые данные'!$B$9*$I$11) -> 1315.26 | D95: =IF('Годовые данные'!$C$9="","",'Годовые данные'!$C$9*$I$11) -> 253.548 | E95: =IF('Годовые данные'!$D$9="","",'Годовые данные'!$D$9*$J$11) -> 76.8 | F95: =IF('Годовые данные'!$E$9="","",'Годовые данные'!$E$9*$J$11) -> 14.265
A96: 2015 | B96: Ноябрь | C96: =IF('Годовые данные'!$B$9="","",'Годовые данные'!$B$9*$I$12) -> 657.63 | D96: =IF('Годовые данные'!$C$9="","",'Годовые данные'!$C$9*$I$12) -> 126.774 | E96: =IF('Годовые данные'!$D$9="","",'Годовые данные'!$D$9*$J$12) -> 40.96 | F96: =IF('Годовые данные'!$E$9="","",'Годовые данные'!$E$9*$J$12) -> 7.608
A97: 2015 | B97: Декабрь | C97: =IF('Годовые данные'!$B$9="","",'Годовые данные'!$B$9*$I$13) -> 219.21 | D97: =IF('Годовые данные'!$C$9="","",'Годовые данные'!$C$9*$I$13) -> 42.258 | E97: =IF('Годовые данные'!$D$9="","",'Годовые данные'!$D$9*$J$13) -> 25.6 | F97: =IF('Годовые данные'!$E$9="","",'Годовые данные'!$E$9*$J$13) -> 4.755
A98: 2016 | B98: Январь | C98: =IF('Годовые данные'!$B$10="","",'Годовые данные'!$B$10*$I$2) -> 179.16 | D98: =IF('Годовые данные'!$C$10="","",'Годовые данные'!$C$10*$I$2) -> 45.228 | E98: =IF('Годовые данные'!$D$10="","",'Годовые данные'!$D$10*$J$2) -> 0.415 | F98: =IF('Годовые данные'!$E$10="","",'Годовые данные'!$E$10*$J$2) -> 0.07
A99: 2016 | B99: Февраль | C99: =IF('Годовые данные'!$B$10="","",'Годовые данные'!$B$10*$I$3) -> 179.16 | D99: =IF('Годовые данные'!$C$10="","",'Годовые данные'!$C$10*$I$3) -> 45.228 | E99: =IF('Годовые данные'!$D$10="","",'Годовые данные'!$D$10*$J$3) -> 0.415 | F99: =IF('Годовые данные'!$E$10="","",'Годовые данные'!$E$10*$J$3) -> 0.07
A100: 2016 | B100: Март | C100: =IF('Годовые данные'!$B$10="","",'Годовые данные'!$B$10*$I$4) -> 358.32 | D100: =IF('Годовые данные'!$C$10="","",'Годовые данные'!$C$10*$I$4) -> 90.456 | E100: =IF('Годовые данные'!$D$10="","",'Годовые данные'!$D$10*$J$4) -> 0.83 | F100: =IF('Годовые данные'!$E$10="","",'Годовые данные'!$E$10*$J$4) -> 0.14
...

Sheet Годовые данные
A1: Год | B1: Импорт, т | C1: Импорт, тыс. долл. США | D1: Экспорт, т | E1: Экспорт, тыс. долл. США
A2: 2008 | B2: 4013.99 | C2: 745.5 | D2: 3.212 | E2: 1
A3: 2009 | B3: 7592 | C3: 1515.7 | D3: 130 | E3: 9.4
A4: 2010 | B4: 19439 | C4: 3045.4 | D4: =D3+(D6-D3)/3 -> 109.41867 | E4: =E3+(E6-E3)/3 -> 15.133333
A5: 2011 | B5: 9252 | C5: 1656 | D5: =D3+2*(D6-D3)/3 -> 88.837333 | E5: =E3+2*(E6-E3)/3 -> 20.866667
A6: 2012 | B6: 10353.554 | C6: 2319.1 | D6: 68.256 | E6: 26.6
A7: 2013 | B7: 15351 | C7: 3199.7 | D7: 23 | E7: 10.5
A8: 2014 | B8: 19051 | C8: 4901.1 | D8: 289 | E8: 73.2
A9: 2015 | B9: 21921 | C9: 4225.8 | D9: 512 | E9: 95.1
A10: 2016 | B10: 17916 | C10: 4522.8 | D10: 83 | E10: 14
A11: 2017 | B11: 24780 | C11: 4585 | D11: 297 | E11: 63.7
A12: 2018 | B12: 31129 | C12: 3865.1 | D12: 340 | E12: 75.4
A13: 2019 | B13: 29533 | C13: 4279.3 | D13: 59.5 | E13: 18.5
A14: 2020 | B14: 21759 | C14: 5157.3 | D14: 15.319 | E14: 5.9
A15: 2021 | B15: 25061 | C15: 6936 | D15: 13.499 | E15: 5.3
